language,no. RCI different,percentage different
c,5,22.727272727272727
cpp,19,86.36363636363636
java,15,68.18181818181819
python,12,54.54545454545455
