language,no. RCI different,percentage different
c,18,81.81818181818181
cpp,19,86.36363636363636
java,12,54.54545454545455
python,11,50.0
