language,no. RCI different,percentage different
c,11,50.0
cpp,16,72.72727272727273
java,15,68.18181818181819
python,16,72.72727272727273
