language,no. RCI different,percentage different
c,14,63.63636363636363
cpp,18,81.81818181818181
java,15,68.18181818181819
python,5,22.727272727272727
