language,no. RCI different,percentage different
c,15,68.18181818181819
cpp,16,72.72727272727273
java,13,59.09090909090909
python,16,72.72727272727273
