language,no. RCI different,percentage different
c,17,77.27272727272727
cpp,20,90.9090909090909
java,17,77.27272727272727
python,5,22.727272727272727
