language,no. RCI different,percentage different
c,18,81.81818181818181
cpp,16,72.72727272727273
java,14,63.63636363636363
python,4,18.181818181818183
