language,no. RCI different,percentage different
c,0,0.0
cpp,16,72.72727272727273
java,5,22.727272727272727
python,5,22.727272727272727
