language,no. RCI different,percentage different
c,19,86.36363636363636
cpp,17,77.27272727272727
java,21,95.45454545454545
python,7,31.818181818181817
