language,no. RCI different,percentage different
c,18,81.81818181818181
cpp,21,95.45454545454545
java,21,95.45454545454545
python,22,100.0
