language,no. RCI different,percentage different
c,13,59.09090909090909
cpp,16,72.72727272727273
java,19,86.36363636363636
python,19,86.36363636363636
