language,no. RCI different,percentage different
c,13,59.09090909090909
cpp,16,72.72727272727273
java,15,68.18181818181819
python,18,81.81818181818181
