language,no. RCI different,percentage different
c,14,63.63636363636363
cpp,16,72.72727272727273
java,11,50.0
python,19,86.36363636363636
