language,no. RCI different,percentage different
c,9,40.90909090909091
cpp,18,81.81818181818181
java,16,72.72727272727273
python,13,59.09090909090909
