language,no. RCI different,percentage different
c,15,68.18181818181819
cpp,14,63.63636363636363
java,10,45.45454545454545
python,16,72.72727272727273
