language,no. RCI different,percentage different
c,9,40.90909090909091
cpp,13,59.09090909090909
java,17,77.27272727272727
python,12,54.54545454545455
