language,no. RCI different,percentage different
c,3,13.636363636363637
cpp,16,72.72727272727273
java,5,22.727272727272727
python,8,36.36363636363637
