language,no. RCI different,percentage different
c,13,59.09090909090909
cpp,14,63.63636363636363
java,15,68.18181818181819
python,15,68.18181818181819
