language,no. RCI different,percentage different
c,17,77.27272727272727
cpp,16,72.72727272727273
java,19,86.36363636363636
python,6,27.272727272727273
