language,no. RCI different,percentage different
c,3,13.636363636363637
cpp,3,13.636363636363637
java,3,13.636363636363637
python,7,31.818181818181817
