language,no. RCI different,percentage different
c,13,59.09090909090909
cpp,20,90.9090909090909
java,21,95.45454545454545
python,20,90.9090909090909
