language,no. RCI different,percentage different
c,19,86.36363636363636
cpp,19,86.36363636363636
java,20,90.9090909090909
python,19,86.36363636363636
