language,no. RCI different,percentage different
c,4,18.181818181818183
cpp,0,0.0
java,4,18.181818181818183
python,5,22.727272727272727
