language,no. RCI different,percentage different
c,18,81.81818181818181
cpp,21,95.45454545454545
java,15,68.18181818181819
python,16,72.72727272727273
