language,no. RCI different,percentage different
c,4,18.181818181818183
cpp,5,22.727272727272727
java,2,9.090909090909092
python,6,27.272727272727273
