language,no. RCI different,percentage different
c,3,13.636363636363637
cpp,3,13.636363636363637
java,1,4.545454545454546
python,4,18.181818181818183
