language,no. RCI different,percentage different
c,4,18.181818181818183
cpp,6,27.272727272727273
java,4,18.181818181818183
python,7,31.818181818181817
