language,no. RCI different,percentage different
c,2,9.090909090909092
cpp,6,27.272727272727273
java,2,9.090909090909092
python,4,18.181818181818183
