language,no. RCI different,percentage different
c,15,68.18181818181819
cpp,20,90.9090909090909
java,19,86.36363636363636
python,19,86.36363636363636
