language,no. RCI different,percentage different
c,5,22.727272727272727
cpp,2,9.090909090909092
java,2,9.090909090909092
python,3,13.636363636363637
