language,no. RCI different,percentage different
c,2,9.090909090909092
cpp,3,13.636363636363637
java,4,18.181818181818183
python,5,22.727272727272727
