language,no. RCI different,percentage different
c,11,50.0
cpp,19,86.36363636363636
java,20,90.9090909090909
python,18,81.81818181818181
