language,no. RCI different,percentage different
c,18,81.81818181818181
cpp,21,95.45454545454545
java,20,90.9090909090909
python,19,86.36363636363636
