language,no. RCI different,percentage different
c,3,13.636363636363637
cpp,10,45.45454545454545
java,9,40.90909090909091
python,6,27.272727272727273
