language,no. RCI different,percentage different
c,9,40.90909090909091
cpp,13,59.09090909090909
java,7,31.818181818181817
python,11,50.0
