language,no. RCI different,percentage different
c,5,22.727272727272727
cpp,9,40.90909090909091
java,3,13.636363636363637
python,8,36.36363636363637
