language,no. RCI different,percentage different
c,21,95.45454545454545
cpp,21,95.45454545454545
java,20,90.9090909090909
python,22,100.0
