language,no. RCI different,percentage different
c,2,9.090909090909092
cpp,8,36.36363636363637
java,6,27.272727272727273
python,9,40.90909090909091
