language,no. RCI different,percentage different
c,4,18.181818181818183
cpp,8,36.36363636363637
java,3,13.636363636363637
python,4,18.181818181818183
