language,no. RCI different,percentage different
c,7,31.818181818181817
cpp,7,31.818181818181817
java,10,45.45454545454545
python,9,40.90909090909091
