language,no. RCI different,percentage different
c,7,31.818181818181817
cpp,8,36.36363636363637
java,3,13.636363636363637
python,5,22.727272727272727
