language,no. RCI different,percentage different
c,10,45.45454545454545
cpp,10,45.45454545454545
java,6,27.272727272727273
python,9,40.90909090909091
