language,no. RCI different,percentage different
c,8,36.36363636363637
cpp,10,45.45454545454545
java,10,45.45454545454545
python,9,40.90909090909091
