language,no. RCI different,percentage different
c,8,36.36363636363637
cpp,6,27.272727272727273
java,9,40.90909090909091
python,12,54.54545454545455
