language,no. RCI different,percentage different
c,3,13.636363636363637
cpp,8,36.36363636363637
java,12,54.54545454545455
python,7,31.818181818181817
