language,no. RCI different,percentage different
c,5,22.727272727272727
cpp,10,45.45454545454545
java,14,63.63636363636363
python,10,45.45454545454545
