language,no. RCI different,percentage different
c,7,31.818181818181817
cpp,11,50.0
java,6,27.272727272727273
python,8,36.36363636363637
