language,no. RCI different,percentage different
c,11,50.0
cpp,20,90.9090909090909
java,14,63.63636363636363
python,3,13.636363636363637
