language,no. RCI different,percentage different
c,9,40.90909090909091
cpp,9,40.90909090909091
java,11,50.0
python,9,40.90909090909091
