language,no. RCI different,percentage different
c,2,9.090909090909092
cpp,9,40.90909090909091
java,7,31.818181818181817
python,6,27.272727272727273
