language,no. RCI different,percentage different
c,1,4.545454545454546
cpp,5,22.727272727272727
java,5,22.727272727272727
python,5,22.727272727272727
