language,no. RCI different,percentage different
c,17,77.27272727272727
cpp,15,68.18181818181819
java,11,50.0
python,4,18.181818181818183
