language,no. RCI different,percentage different
c,5,22.727272727272727
cpp,14,63.63636363636363
java,12,54.54545454545455
python,10,45.45454545454545
