language,no. RCI different,percentage different
c,11,50.0
cpp,9,40.90909090909091
java,16,72.72727272727273
python,2,9.090909090909092
