language,no. RCI different,percentage different
c,13,59.09090909090909
cpp,9,40.90909090909091
java,14,63.63636363636363
python,6,27.272727272727273
