language,no. RCI different,percentage different
c,12,54.54545454545455
cpp,20,90.9090909090909
java,17,77.27272727272727
python,4,18.181818181818183
