language,no. RCI different,percentage different
c,15,68.18181818181819
cpp,14,63.63636363636363
java,9,40.90909090909091
python,4,18.181818181818183
