language,no. RCI different,percentage different
c,6,27.272727272727273
cpp,8,36.36363636363637
java,7,31.818181818181817
python,9,40.90909090909091
