language,no. RCI different,percentage different
c,8,36.36363636363637
cpp,12,54.54545454545455
java,18,81.81818181818181
python,17,77.27272727272727
