language,no. RCI different,percentage different
c,5,22.727272727272727
cpp,10,45.45454545454545
java,4,18.181818181818183
python,7,31.818181818181817
