language,no. RCI different,percentage different
c,19,86.36363636363636
cpp,15,68.18181818181819
java,20,90.9090909090909
python,17,77.27272727272727
