language,no. RCI different,percentage different
c,0,0.0
cpp,4,18.181818181818183
java,2,9.090909090909092
python,7,31.818181818181817
