language,no. RCI different,percentage different
c,2,9.090909090909092
cpp,0,0.0
java,2,9.090909090909092
python,5,22.727272727272727
