language,no. RCI different,percentage different
c,2,9.090909090909092
cpp,4,18.181818181818183
java,1,4.545454545454546
python,4,18.181818181818183
