language,no. RCI different,percentage different
c,7,31.818181818181817
cpp,10,45.45454545454545
java,14,63.63636363636363
python,18,81.81818181818181
