language,no. RCI different,percentage different
c,12,54.54545454545455
cpp,15,68.18181818181819
java,12,54.54545454545455
python,16,72.72727272727273
