language,no. RCI different,percentage different
c,11,50.0
cpp,14,63.63636363636363
java,12,54.54545454545455
python,15,68.18181818181819
