language,no. RCI different,percentage different
c,0,0.0
cpp,4,18.181818181818183
java,3,13.636363636363637
python,8,36.36363636363637
