language,no. RCI different,percentage different
c,1,4.545454545454546
cpp,1,4.545454545454546
java,2,9.090909090909092
python,5,22.727272727272727
