language,no. RCI different,percentage different
c,2,9.090909090909092
cpp,2,9.090909090909092
java,1,4.545454545454546
python,7,31.818181818181817
