language,no. RCI different,percentage different
c,12,54.54545454545455
cpp,14,63.63636363636363
java,17,77.27272727272727
python,21,95.45454545454545
