language,no. RCI different,percentage different
c,17,77.27272727272727
cpp,16,72.72727272727273
java,16,72.72727272727273
python,16,72.72727272727273
