language,no. RCI different,percentage different
c,10,45.45454545454545
cpp,12,54.54545454545455
java,17,77.27272727272727
python,12,54.54545454545455
