language,no. RCI different,percentage different
c,14,63.63636363636363
cpp,14,63.63636363636363
java,9,40.90909090909091
python,14,63.63636363636363
