language,no. RCI different,percentage different
c,3,13.636363636363637
cpp,2,9.090909090909092
java,3,13.636363636363637
python,3,13.636363636363637
