language,no. RCI different,percentage different
c,0,0.0
cpp,2,9.090909090909092
java,2,9.090909090909092
python,5,22.727272727272727
