language,no. RCI different,percentage different
c,7,31.818181818181817
cpp,15,68.18181818181819
java,13,59.09090909090909
python,13,59.09090909090909
