language,no. RCI different,percentage different
c,14,63.63636363636363
cpp,12,54.54545454545455
java,14,63.63636363636363
python,15,68.18181818181819
